{"organisation":"AU_Govt_ABS_Census","name":"b05_age_by_sex_cd_1991","title":"ABS Census - B05 Age By Sex (CD) 1991","legal":{"copyrightYear":"1991","attributionYear":"1991","attribution":"{datasource.organisationTitle}, ({dataset.attributionYear}): {dataset.title}; accessed from AURIN on {dateOfAccess}.","clickthrough":false,"licenceType":"Creative Commons Attribution 2.5 Australia (CC BY 2.5 AU)","copyrightNotice":"&copy;{datasource.organisationTitle} {dataset.copyrightYear}"},"referenceSystemIdentifier":"urn:x-ogc:def:crs:EPSG:4283","geoLevel":"NA","key":"cd_code_1991","keyRegex":null,"availability":"true","geomField":"the_geom","keyword":"1991,b05,age,population,distribution,basic community profile,bcp,census,place of enumeration","theme":null,"temporalExtent":{"beginDate":"1991-08-06T00:00:00","endDate":"1991-08-06T00:00:00","selectTime":false},"type":"dataset","_id":"dataset-AU_Govt_ABS_Census-b05_age_by_sex_cd_1991-NA","bbox":[96.82,-43.74,159.11,-9.14],"abstract":"The 1991 Census Basic Community profiles present 57 tables containing summary characteristics of persons and/or dwellings for Census Collection Districts (CD) in Australia. <br/><br/>\n\nThis table contains data relating to age by sex. Counts are of all persons, based on place of enumeration on census night which; includes overseas visitors; excludes Australians overseas; and excludes adjustment for under-enumeration. The data is by CD 1991 boundaries. Periodicity: 5-Yearly. <br/><br/>\n\nThis data is ABS data (cat. no. 2101.0 & original geographic boundary cat. no. 1261.0.30.001) used with permission from the Australian Bureau of Statistics. The tabular data was extracted from CDATA91 which was supplied to AURIN by the University of Melbourne. The cleaned, high resolution 1991 geographic boundaries are available from <a href=\"https://data.gov.au/dataset/asgc-1991-edition-boundaries\" target=\"_blank\">data.gov.au</a><br/><br/>\n\nFor more information please refer to the <a href=\"http://www.ausstats.abs.gov.au/ausstats/free.nsf/0/90059C6022B6EE0CCA2574BF001664A0/$File/29010_1991_210_Census%20Dictionary.pdf\" target=\"_blank\">1991 Census Dictionary</a>","selectedAttributes":[{"name":"cd_code_1991","type":"String","title":"CD Code 1991","description":"cd_code_1991","isDimension":false},{"name":"p_age_0_4","type":"Integer","title":"Persons age 0-4","description":"p_age_0_4","isDimension":false},{"name":"p_age_10_14","type":"Integer","title":"Persons age 10-14","description":"p_age_10_14","isDimension":false},{"name":"p_age_15_19","type":"Integer","title":"Persons age 15-19","description":"p_age_15_19","isDimension":false},{"name":"p_age_20_24","type":"Integer","title":"Persons age 20-24","description":"p_age_20_24","isDimension":false},{"name":"p_age_25_29","type":"Integer","title":"Persons age 25-29","description":"p_age_25_29","isDimension":false},{"name":"p_age_30_34","type":"Integer","title":"Persons age 30-34","description":"p_age_30_34","isDimension":false},{"name":"p_age_35_39","type":"Integer","title":"Persons age 35-39","description":"p_age_35_39","isDimension":false},{"name":"p_age_40_44","type":"Integer","title":"Persons age 40-44","description":"p_age_40_44","isDimension":false},{"name":"p_age_45_49","type":"Integer","title":"Persons age 45-49","description":"p_age_45_49","isDimension":false},{"name":"p_age_50_54","type":"Integer","title":"Persons age 50-54","description":"p_age_50_54","isDimension":false},{"name":"p_age_55_59","type":"Integer","title":"Persons age 55-59","description":"p_age_55_59","isDimension":false},{"name":"p_age_60_64","type":"Integer","title":"Persons age 60-64","description":"p_age_60_64","isDimension":false},{"name":"p_age_65_69","type":"Integer","title":"Persons age 65-69","description":"p_age_65_69","isDimension":false},{"name":"p_age_70_74","type":"Integer","title":"Persons age 70-74","description":"p_age_70_74","isDimension":false},{"name":"p_age_75_79","type":"Integer","title":"Persons age 75-79","description":"p_age_75_79","isDimension":false},{"name":"p_age_80_84","type":"Integer","title":"Persons age 80-84","description":"p_age_80_84","isDimension":false},{"name":"p_age_85_89","type":"Integer","title":"Persons age 85-89","description":"p_age_85_89","isDimension":false},{"name":"p_age_90_yrs_more","type":"Integer","title":"Persons age 90 years or more","description":"p_age_90_yrs_more","isDimension":false},{"name":"tot_p","type":"Integer","title":"Total persons","description":"tot_p","isDimension":false}],"filter":{"filterType":"tabular","spatial":{"bbox":[148.762675,-35.920762,149.23317,-35.218555]},"states":["8"]}}