{"organisation":"TUA_PHIDU","name":"sa2_agedistribution_persons","title":"SA2 Age Distribution - Persons 2013","legal":{"attribution":"{datasource.organisationTitle}, ({dataset.attributionYear}): {dataset.title}; accessed from AURIN on {dateOfAccess}.","attributionYear":"2014","clickthrough":false,"copyrightNotice":"&copy; {datasource.organisationTitle} {dataset.copyrightYear}","copyrightYear":"2014","licenceType":"Creative Commons Attribution-NonCommercial-ShareAlike 3.0 Australia (CC BY-NC-SA 3.0 AU)"},"referenceSystemIdentifier":"urn:x-ogc:def:crs:EPSG:4283","geoLevel":"sa2","key":"area_code","keyRegex":null,"availability":"true","geomField":"wkb_geometry","keyword":"age distribution, person, population, demographic","theme":null,"temporalExtent":{"beginDate":"2013-06-30T00:00:00","endDate":"2013-06-30T00:00:00","selectTime":false},"type":"dataset","_id":"dataset-TUA_PHIDU-sa2_agedistribution_persons-sa2","bbox":[112.92,-43.74,159.11,-9.14],"abstract":"The number of persons and their proportion of the total population by age groups to 85 years and over by SA2, for the year 2013.","selectedAttributes":[{"name":"area_code","type":"Integer","title":"Statistical Area Level 2 Code","description":"Statistical Area Level 2 code (2011)","stype":"nominal","isDimension":false},{"name":"x0_4_p_1_no_6_13_6_13","type":"Double","title":"Persons 0 to 4 Years - Count","description":"The number of persons aged 0-4 years. Source: ABS Estimated Resident Population, 30 June 2013.","stype":"ratio","isDimension":false},{"name":"x10_14_p_1_no_6_13_6_13","type":"Double","title":"Persons 10 to 14 Years - Count","description":"The number of persons aged 10-14 years. Source: ABS Estimated Resident Population, 30 June 2013.","stype":"ratio","isDimension":false},{"name":"x0_4_p_2_denom_6_13_6_13","type":"Double","title":"Total Persons","description":"Total persons. Source: ABS Estimated Resident Population, 30 June 2013.","stype":"ratio","isDimension":false},{"name":"x10_14_p_2_denom_6_13_6_13","type":"Double","title":"Total Persons","description":"Total persons. Source: ABS Estimated Resident Population, 30 June 2013.","stype":"ratio","isDimension":false},{"name":"x15_19_p_1_no_6_13_6_13","type":"Double","title":"Persons 15 to 19 Years - Count","description":"The number of persons aged 15-19 years. Source: ABS Estimated Resident Population, 30 June 2013.","stype":"ratio","isDimension":false},{"name":"x15_19_p_2_denom_6_13_6_13","type":"Double","title":"Total Persons","description":"Total persons. Source: ABS Estimated Resident Population, 30 June 2013.","stype":"ratio","isDimension":false}],"filter":{"filterType":"tabular","feature":{"key":"area_code","geoLevel":"sa2","geoField":"ignored","year":"2006","featureBbox":[144.33363404800002,-38.50298801599996,145.8784120140001,-37.17509899299995],"featureType":"gccsa_2016","featureInstance":"2GMEL","featureName":"Greater Melbourne","referenceSystemIdentifier":"urn:x-ogc:def:crs:EPSG:4283","prefix":"","keyTransform":null},"states":["2"]}}