c96_skilld_voc_qual_persons, c96_post_grad_dip_persons, lga_code, c96_not_stated_persons, c96_under_grad_dip_persons, c96_higher_degree_persons, c96_inadeq_desc_persons, c96_basic_voc_qual_persons, c96_bach_degree_persons, c96_total_persons, c96_nat_appl_persons, c96_assoc_dip_persons
756,213,18650,655,291,246,78,257,909,6738,3097,236
15828,6642,89399,22788,8609,9405,1576,8831,35537,229716,112465,8035
178,20,13600,160,69,27,20,63,158,1671,925,51
742,105,18700,600,262,103,90,264,555,6931,4032,178
2551,265,16450,2301,470,229,221,723,1252,21124,12475,637
