{"organisation":"AU_Govt_ABS_Census","name":"lga_t11_census_1996","title":"LGA-T11 Qualification (Highest) Level by Sex-Census 1996","legal":{"attribution":"{datasource.organisationTitle}, ({dataset.attributionYear}): {dataset.title}; accessed from AURIN on {dateOfAccess}.","attributionYear":"2000","clickthrough":false,"copyrightNotice":"&copy; {datasource.organisationTitle} {dataset.copyrightYear}","copyrightYear":"2000","licenceType":"Creative Commons Attribution 2.5 Australia (CC BY 2.5 AU)"},"referenceSystemIdentifier":"urn:x-ogc:def:crs:EPSG:4283","geoLevel":"NA","key":"lga_code","keyRegex":null,"availability":"true","geomField":"wkb_geometry","keyword":"tsp,census,1996,t11,time series profile,education,qualification","theme":null,"temporalExtent":{"beginDate":"1986-08-06T00:00:00","endDate":"1996-08-06T00:00:00","selectTime":false},"type":"dataset","_id":"dataset-AU_Govt_ABS_Census-lga_t11_census_1996-NA","bbox":[96.82,-43.74,159.11,-9.14],"abstract":"LGA based data for Qualification (Highest) Level by Sex, in Time Series Profile, 1996 Census. Count of persons aged 15 years and over in 1986, 1991 and 1996 census years. The data is by LGA 1996 boundaries. Periodicity: 5-Yearly. <br/>\nThis data is ABS data (geographic boundary cat. no. 1261.0.30.001 & census dictionary cat. no. 2901.0) used with permission from the Australian Bureau of Statistics. <br/>\nFor more information visit  <a href=\"http://www.abs.gov.au/websitedbs/censushome.nsf/home/historicaldata1996?opendocument&navpos=280\" target='_blank'>the ABS </a>.\n","selectedAttributes":[{"name":"lga_code","type":"Integer","title":"LGA Code 1996","description":"LGA Code 1996.","stype":"nominal","isDimension":false},{"name":"c96_assoc_dip_persons","type":"Integer","title":"Census 1996 -  associate diploma persons","description":"Census 1996 -  associate diploma persons.","stype":"ratio","isDimension":false},{"name":"c96_bach_degree_persons","type":"Integer","title":"Census 1996 -  bachelor degree persons","description":"Census 1996 -  bachelor degree persons.","stype":"ratio","isDimension":false},{"name":"c96_basic_voc_qual_persons","type":"Integer","title":"Census 1996 -  basic vocational qualification persons","description":"Census 1996 -  basic vocational qualification persons.","stype":"ratio","isDimension":false},{"name":"c96_higher_degree_persons","type":"Integer","title":"Census 1996 -  higher degree persons","description":"Census 1996 -  higher degree persons.","stype":"ratio","isDimension":false},{"name":"c96_inadeq_desc_persons","type":"Integer","title":"Census 1996 -  inadequately described persons","description":"Census 1996 -  inadequately described persons.","stype":"ratio","isDimension":false},{"name":"c96_nat_appl_persons","type":"Integer","title":"Census 1996 -  not applicable persons","description":"Census 1996 -  not applicable persons.","stype":"ratio","isDimension":false},{"name":"c96_not_stated_persons","type":"Integer","title":"Census 1996 -  not stated persons","description":"Census 1996 -  not stated persons.","stype":"ratio","isDimension":false},{"name":"c96_post_grad_dip_persons","type":"Integer","title":"Census 1996 -  post-graduate diploma persons","description":"Census 1996 -  post-graduate diploma persons.","stype":"ratio","isDimension":false},{"name":"c96_skilld_voc_qual_persons","type":"Integer","title":"Census 1996 -  skilled vocational qualification persons","description":"Census 1996 -  skilled vocational qualification persons.","stype":"ratio","isDimension":false},{"name":"c96_total_persons","type":"Integer","title":"Census 1996 -  total persons","description":"Census 1996 -  total persons.","stype":"ratio","isDimension":false},{"name":"c96_under_grad_dip_persons","type":"Integer","title":"Census 1996 -  under-graduate diploma persons","description":"Census 1996 -  under-graduate diploma persons.","stype":"ratio","isDimension":false}],"filter":{"filterType":"tabular","spatial":{"bbox":[148.943940128,-35.5925699765,149.3992872,-35.1245172755]},"states":["8"]}}