{"organisation":"AU_Govt_ABS_Census","name":"b27_yr_individual_inc_by_sex_cd_1991","title":"ABS Census - B27 Annual Individual Income By Sex (CD) 1991","legal":{"copyrightYear":"1991","attributionYear":"1991","attribution":"{datasource.organisationTitle}, ({dataset.attributionYear}): {dataset.title}; accessed from AURIN on {dateOfAccess}.","clickthrough":false,"licenceType":"Creative Commons Attribution 2.5 Australia (CC BY 2.5 AU)","copyrightNotice":"&copy;{datasource.organisationTitle} {dataset.copyrightYear}"},"referenceSystemIdentifier":"urn:x-ogc:def:crs:EPSG:4283","geoLevel":"NA","key":"cd_code_1991","keyRegex":null,"availability":"true","geomField":"the_geom","keyword":"b27,earnings,income,1991,salary,basic community profile,bcp,census,place of enumeration","theme":null,"temporalExtent":{"beginDate":"1991-08-06T00:00:00","endDate":"1991-08-06T00:00:00","selectTime":false},"type":"dataset","_id":"dataset-AU_Govt_ABS_Census-b27_yr_individual_inc_by_sex_cd_1991-NA","bbox":[96.82,-43.74,159.11,-9.14],"abstract":"The 1991 Census Basic Community profiles present 57 tables containing summary characteristics of persons and/or dwellings for Census Collection Districts (CD) in Australia. <br/><br/>\n\nThis table contains data relating to annual individual income by sex. Counts are of persons aged 15 years or more, based on place of enumeration on census night which; includes overseas visitors; excludes Australians overseas; and excludes adjustment for under-enumeration. The data is by CD 1991 boundaries. Periodicity: 5-Yearly. <br/><br/>\n\nThis data is ABS data (cat. no. 2101.0 & original geographic boundary cat. no. 1261.0.30.001) used with permission from the Australian Bureau of Statistics. The tabular data was extracted from CDATA91 which was supplied to AURIN by the University of Melbourne. The cleaned, high resolution 1991 geographic boundaries are available from <a href=\"https://data.gov.au/dataset/asgc-1991-edition-boundaries\" target=\"_blank\">data.gov.au</a><br/><br/>\n\nFor more information please refer to the <a href=\"http://www.ausstats.abs.gov.au/ausstats/free.nsf/0/90059C6022B6EE0CCA2574BF001664A0/$File/29010_1991_210_Census%20Dictionary.pdf\" target=\"_blank\">1991 Census Dictionary</a>","selectedAttributes":[{"name":"cd_code_1991","type":"String","title":"CD Code 1991","description":"cd_code_1991","isDimension":false},{"name":"tot_p","type":"Integer","title":"Total Persons","description":"tot_p","isDimension":false},{"name":"yr_inc_0_3000_p","type":"Integer","title":"Annual income $0-$3,000 Persons","description":"yr_inc_0_3000_p","isDimension":false},{"name":"yr_inc_12001_16000_p","type":"Integer","title":"Annual income $12,001-$16,000 Persons","description":"yr_inc_12001_16000_p","isDimension":false},{"name":"yr_inc_16001_20000_p","type":"Integer","title":"Annual income $16,001-$20,000 Persons","description":"yr_inc_16001_20000_p","isDimension":false},{"name":"yr_inc_20001_25000_p","type":"Integer","title":"Annual income $20,001-$25,000 Persons","description":"yr_inc_20001_25000_p","isDimension":false},{"name":"yr_inc_25001_30000_p","type":"Integer","title":"Annual income $25,001-$30,000 Persons","description":"yr_inc_25001_30000_p","isDimension":false},{"name":"yr_inc_30001_35000_p","type":"Integer","title":"Annual income $30,001-$35,000 Persons","description":"yr_inc_30001_35000_p","isDimension":false},{"name":"yr_inc_3001_5000_p","type":"Integer","title":"Annual income $3,001-$5,000 Persons","description":"yr_inc_3001_5000_p","isDimension":false},{"name":"yr_inc_35001_40000_p","type":"Integer","title":"Annual income $35,001-$40,000 Persons","description":"yr_inc_35001_40000_p","isDimension":false},{"name":"yr_inc_40001_50000_p","type":"Integer","title":"Annual income $40,001-$50,000 Persons","description":"yr_inc_40001_50000_p","isDimension":false},{"name":"yr_inc_50001_60000_p","type":"Integer","title":"Annual income $50,001-$60,000 Persons","description":"yr_inc_50001_60000_p","isDimension":false},{"name":"yr_inc_5001_8000_p","type":"Integer","title":"Annual income $5,001-$8,000 Persons","description":"yr_inc_5001_8000_p","isDimension":false},{"name":"yr_inc_60001_70000_p","type":"Integer","title":"Annual income $60,001-$70,000 Persons","description":"yr_inc_60001_70000_p","isDimension":false},{"name":"yr_inc_8001_12000_p","type":"Integer","title":"Annual income $8,001-$12,000 Persons","description":"yr_inc_8001_12000_p","isDimension":false},{"name":"yr_inc_no_stated_p","type":"Integer","title":"Annual income Not stated Persons","description":"yr_inc_no_stated_p","isDimension":false},{"name":"yr_inc_ov_70000_p","type":"Integer","title":"Annual income Over $70,000 Persons","description":"yr_inc_ov_70000_p","isDimension":false}],"filter":{"filterType":"tabular","spatial":{"bbox":[148.762675,-35.920762,149.23317,-35.218555]},"states":["8"]}}