{"organisation":"AU_Govt_ABS_Census","name":"sa3_g46b_non_scl_qual_lvl_of_edu_by_age_by_sex_census_2016","title":"SA3-G46b Non-School Qualification-Level of Education by Age by Sex-Census 2016","legal":{"attribution":"{datasource.organisationTitle}, ({dataset.attributionYear}): {dataset.title}; accessed from AURIN on {dateOfAccess}.","attributionYear":"2017","clickthrough":false,"copyrightNotice":"&copy; {datasource.organisationTitle} {dataset.copyrightYear}","copyrightYear":"2017","licenceType":"Creative Commons Attribution 2.5 Australia (CC BY 2.5 AU)"},"referenceSystemIdentifier":"urn:x-ogc:def:crs:EPSG:4283","geoLevel":"sa3_2016","key":"sa3_code16","keyRegex":null,"availability":"true","geomField":"wkb_geometry","keyword":"census,2016,gcp,education,qualification,age,sex,non-school,general community profile,g46b","theme":null,"temporalExtent":{"beginDate":"2016-08-09T00:00:00","endDate":"2016-08-11T00:00:00","selectTime":false},"type":"dataset","_id":"dataset-AU_Govt_ABS_Census-sa3_g46b_non_scl_qual_lvl_of_edu_by_age_by_sex_census_2016-sa3_2016","bbox":[96.82,-43.74,159.11,-9.14],"abstract":"SA3 based data for Non-School Qualification: Level of Education by Age by Sex, in General Community Profile (GCP), 2016 Census. Count of persons aged 15 years and over with a qualification. Excludes persons with a qualification out of the scope of the Australian Standard Classification of Education (ASCED). Excludes schooling up to year 12. G46 is broken up into two sections (G46a-G46b) this section contains 'Persons Postgraduate Degree Level Age 35-44 years' - 'Persons Total Total'. The data is by SA3 2016 boundaries. Periodicity: 5-Yearly. <br/> \nNote: There are small random adjustments made to all cell values to protect the confidentiality of data. These adjustments may cause the sum of rows or columns to differ by small amounts from table totals.<br/> \nFor more information visit the data source: <a href=http://www.abs.gov.au/census>http://www.abs.gov.au/census</a>.\n\n","selectedAttributes":[{"name":"sa3_code16","type":"String","title":"SA3 Code 2016","description":"SA3 Code 2016.","stype":"nominal","isDimension":false},{"name":"p_advdip_and_dip_total","type":"Integer","title":"Persons Advanced Diploma and Diploma Level Total","description":"Persons Advanced Diploma and Diploma Level Total.","stype":"ratio","isDimension":false},{"name":"p_bachdeg_total","type":"Integer","title":"Persons Bachelor Degree Level Total","description":"Persons Bachelor Degree Level Total.","stype":"ratio","isDimension":false},{"name":"p_cert_lev_tot_total","type":"Integer","title":"Persons Certificate Level Total Total","description":"Persons Certificate Level Total Total.","stype":"ratio","isDimension":false},{"name":"p_lev_edu_ides_total","type":"Integer","title":"Persons Level of education inadequately described Total","description":"Persons Level of education inadequately described Total.","stype":"ratio","isDimension":false},{"name":"p_graddip_and_gradcert_85ov","type":"Integer","title":"Persons Graduate Diploma and Graduate Certificate Level Age 85 years and over","description":"Persons Graduate Diploma and Graduate Certificate Level Age 85 years and over.","stype":"ratio","isDimension":false},{"name":"p_lev_edu_ns_total","type":"Integer","title":"Persons Level of education not stated Total","description":"Persons Level of education not stated Total.","stype":"ratio","isDimension":false},{"name":"p_pgrad_deg_total","type":"Integer","title":"Persons Postgraduate Degree Level Total","description":"Persons Postgraduate Degree Level Total.","stype":"ratio","isDimension":false},{"name":"p_tot_total","type":"Integer","title":"Persons Total Total","description":"Persons Total Total.","stype":"ratio","isDimension":false}],"filter":{"filterType":"tabular","feature":{"key":"sa3_code16","geoLevel":"sa3_2016","geoField":"ignored","year":"2006","featureBbox":[149.971885992,-34.33117400499998,151.63054702400007,-32.99606922499993],"featureType":"gccsa_2016","featureInstance":"1GSYD","featureName":"Greater Sydney","referenceSystemIdentifier":"urn:x-ogc:def:crs:EPSG:4283","prefix":"","keyTransform":null},"states":["1"]}}